title,parent,dialog_node
387.4 - PrevidenciaAberta-Risco-DePaiParaFilho-Esclarecer-ComoSolicitarResgateDePaiParaFilhoOuVidaaVida-ARBENResgate,Prev-387,node_8_1513256164341
81.1 - PrevidenciaAberta-Geral-Geral-Alterar-AlterarPlanoPrevidencia-ARGPR,Prev-81,Prev-81.1
13.1 - PrevidenciaAberta-Geral-Geral-esclarecer-InformeRendimentos-AROPE,Prev-13,Prev-13.1
PrevidenciaAberta-Geral-Kirton-Esclarecer-ComoFazerAportePlanoKirton-AROPE.2,PrevidenciaAberta-Geral-Kirton-Esclarecer-ComoFazerAportePlanoKirton-AROPE.1,PrevidenciaAberta-Geral-Kirton-Esclarecer-ComoFazerAportePlanoKirton-AROPE.2
113 - CentralAuto-Auto-Geral-Esclarecer-SinistroDocumentosPendentesComoFornecerParaASeguradora-SinistroAuto,Auto,Auto-73
52 - CentralAuto-Auto-Geral-Esclarecer-SeguroComoContratar-DesenvolvimentoDeProdutoAuto,Auto,Auto-52
7 - CentralAuto-Auto-Geral-Esclarecer-OuvidoriaContato-DesempenhoEQualidadeDaOperacao,Auto,Auto-7
167 - CentralAuto-Auto-Geral-Esclarecer-CredenciarGuinchoComoParceiro-Atendimento,Auto,node_1_1521332402664
110 - CentralAuto-Auto-Geral-Esclarecer-SegundaViaboletoComoAdquirir-ManualDoCorretor,Auto,node_44_1512757234759
114 - CentralAuto-Auto-Geral-Esclarecer-AcompanhamentoDeSinistroSiteDoSegurado-SinistroAuto,Auto,Auto-74
30 - CentralAuto-Auto-Geral-Esclarecer-BradescoAutoCenterReparoDeVidros-DesempenhoEQualidadeDaOperacao,Auto,Auto-30
26 - CentralAuto-Auto-Geral-Esclarecer-BradescoAutoCenterVistoria-DesempenhoEQualidadeDaOperacao,Auto,Auto-26
29 - CentralAuto-Auto-Geral-Esclarecer-BradescoAutoCenterTrocaDeVidros-DesempenhoEQualidadeDaOperacao,Auto,Auto-29
4 - CentralAuto-Auto-Geral-Esclarecer-VidroComoAcionar-DesempenhoEQualidadeDaOperacao,Auto,Auto-4
CentralAuto-Auto-Geral-Esclarecer-ListaOficinaReferenciada-GestaoDeConteudo,Auto,CentralAuto-Auto-Geral-Esclarecer-ListaOficinaReferenciada-GestaoDeConteudo
109 - CentralAuto-Auto-Geral-Esclarecer-SegundaViaApoliceComoAdquirir-ManualDoCorretor,Auto,node_43_1512757136233
CentralAuto-Auto-Geral-Consultar-DescontoLojaParceiraClubeDeVantagens-ProdutoAuto,Auto,CentralAuto-Auto-Geral-Consultar-DescontoLojaParceiraClubeDeVantagens-ProdutoAuto
19 - CentralAuto-Auto-Geral-Esclarecer-BradescoAutoCenterAgendarAtendimento-DesempenhoEQualidadeDaOperacao,Auto,Auto-19
CentralAuto-Geral-Geral-Esclarecer-SegurosPFAuto-SiteBS,Auto,CentralAuto-Geral-Geral-Esclarecer-SegurosPFAuto-SiteBS
178 - CentralAuto-Auto-Geral-Esclarecer-PagueiSeguroAutoENaoRecebiApolice,Auto,node_1_1528806766954
32 - CentralAuto-Auto-Geral-Esclarecer-BradescoAutoCenterReparoDeLanterna-DesempenhoEQualidadeDaOperacao,Auto,Auto-32
43 - CentralAuto-Auto-Geral-Esclarecer-CotacaoComoFazer-DesenvolvimentoDeProdutoAuto,Auto,Auto-43
31 - CentralAuto-Auto-Geral-Esclarecer-BradescoAutoCenterTrocaDeLanterna-DesempenhoEQualidadeDaOperacao,Auto,Auto-31
13 - CentralAuto-Auto-Geral-Esclarecer-PostoDeVistoriaComoEncontrar-DesempenhoEQualidadeDaOperacao,Auto,Auto-13
27.2 - CentralAuto-Auto-Geral-Esclarecer-BradescoAutoCenterBeneficiosSegurado-DesempenhoEQualidadeDaOperacao,Auto-27,node_2_1512670352865
370.1 - PrevidenciaAberta-Geral-Geral-Esclarecer-ReativarContribuicaoPlano-AROPE,Prev-370,Prev-370.1
16.1 - CentralAuto-Auto-Geral-Esclarecer-BradescoAutoCenterOndeEncontrar-DesempenhoEQualidadeDaOperacao,Auto-16,Auto-16.1
I2.1 - Institucional-Geral-Geral-esclarecer-OqueESusep-ARGPR,Prev-21,Prev-21.1
11.1 - CentralAuto-Auto-Geral-Esclarecer-AcompanharSinistroComoFazer-DesempenhoEQualidadeDaOperacao,Auto-11,Auto-11.1
CentralAuto-Auto-Geral-Esclarecer-ComoConsultarApoliceSeguroAuto-DesenvolvimentoDeProdutoAuto.1,CentralAuto-Auto-Geral-Esclarecer-ComoConsultarApoliceSeguroAuto-DesenvolvimentoDeProdutoAuto,CentralAuto-Auto-Geral-Esclarecer-ComoConsultarApoliceSeguroAuto-DesenvolvimentoDeProdutoAuto.1
28.1 - CentralAuto-Auto-Geral-Esclarecer-BradescoAutoCenterBeneficiosTerceiros-DesempenhoEQualidadeDaOperacao,Auto-28,Auto-28.1
92.1 - PrevidenciaAberta-Geral-Geral-Esclarecer-OqueECorretorDeSeguros-ARGPR,Prev-92,Prev-92.1
17.1 - CentralAuto-Auto-Geral-Esclarecer-BradescoAutoCenterTelefone-DesempenhoEQualidadeDaOperacao,Auto-17,Auto-17.1
398.1 - PrevidenciaAberta-Geral-Geral-Excluir-ParalisarContribuicao-AROPE,Prev-398,Prev-398.1
Dental-Geral-Geral-Solicitar-CredenciarDentista-OdontoPrev,Dental,Dental-Geral-Geral-Solicitar-CredenciarDentista-OdontoPrev
I1.1 - Institucional-Geral-Geral-Consultar-EnderecoSusep-ARGPR,Prev-33,Prev-33.1
127.1 - CentralAuto-Auto-Geral-Esclarecer-AvisoDeSinistroTerceiro-ManualDeProcedimentoInterno,node_2_1513085879854,node_3_1513086056485
388.4 - PrevidenciaAberta-PGBL-Geral-Esclarecer-ComoSolicitarResgatePGBL-ARBENResgate,Prev-388,node_9_1512596121164
312.2 - PrevidenciaAberta-Geral-PrevJovem-Esclarecer-OQueEPrevJovem-ARGPR,Prev-312,Prev-312.2
331.2 - PrevidenciaAberta-VGBL-SobMedidaPrevJovemVgbl-Esclarecer-OqueESobMedidaPrevJovemVgbl-ARGPR,Prev-331,node_9_1512562370905
313.2 - PrevidenciaAberta-PGBL-PrevJovem-Esclarecer-OQueEPrevJovemPgbl-ARGPR,Prev-313,Prev-313.2
34.1 - PrevidenciaAberta-Geral-ProtecaoFamiliar-esclarecer-ProtecaoFamiliaOQueE-ARGPR,Prev-34,Prev-34.1
CentralAuto-Auto-Geral-Esclarecer-ListaOficinaReferenciada-GestaoDeConteudo.2,CentralAuto-Auto-Geral-Esclarecer-ListaOficinaReferenciada-GestaoDeConteudo.1,CentralAuto-Auto-Geral-Esclarecer-ListaOficinaReferenciada-GestaoDeConteudo.2
Institucional-Esclarecer-InformacaoProdutoDisponivelSiteBS-SiteBS,Institucional,Institucional-Esclarecer-InformacaoProdutoDisponivelSiteBS-SiteBS
Institucional-Geral-Geral-Esclarecer-OuvidoriaContato-GestaodeConteudo,Institucional,Institucional-Geral-Geral-Esclarecer-OuvidoriaContato-GestaodeConteudo
I6 - Institucional-Geral-Geral-Esclarecer-EnviarCurriculo-ConteudoDigital,Institucional,node_1_1516983277376
Institucional-Geral-Geral-Esclarecer-OqueECorretorDeSeguros,Institucional,Institucional-Geral-Geral-Esclarecer-OqueECorretorDeSeguros
Institucional-Geral-Geral-Esclarecer-FormasDePagamentoCirqueDuSoleil-CIA,Institucional,Institucional-Geral-Geral-Esclarecer-FormasDePagamentoCirqueDuSoleil-CIA
388 - PrevidenciaAberta-PGBL-Geral-Esclarecer-ComoSolicitarResgatePGBL-ARBENResgate,Previdencia,Prev-388
344 - PrevidenciaAberta-Geral-Geral-Esclarecer-ValorMinimoAporteMensal-ARGPR,Previdencia,Prev-344
205 - PrevidenciaAberta-Geral-Geral-Esclarecer-ComoConsultarSaldo-AROPE,Previdencia,Prev-205
185 - PrevidenciaAberta-Geral-Geral-Esclarecer-ContratarPrevidencia-AROPE,Previdencia,Prev-185
PrevidenciaAberta-Geral-Geral-Esclarecer-PlanosPFPrevidencia-SiteBS,Previdencia,PrevidenciaAberta-Geral-Geral-Esclarecer-PlanosPFPrevidencia-SiteBS
386 - PrevidenciaAberta-Geral-Geral-Esclarecer-ComoSolicitarResgatePlanoNaoListado-ARBENResgate,Previdencia,Prev-386
385 - PrevidenciaAberta-Geral-Geral-Esclarecer-ResgateSolicitadoPorCorrentista-ARBENResgate,Previdencia,Prev-385
379 - PrevidenciaAberta-Geral-Geral-Esclarecer-ComoSolicitarExtratoPlanoBeneficioComplementar-AROPE,Previdencia,Prev-379
59 - PrevidenciaAberta-Geral-Geral-Alterar-AlterarCadastro-AROPE,Previdencia,Prev-59
20 - PrevidenciaAberta-Geral-Geral-esclarecer-SegundaViaBoleto-AROPE,Previdencia,Prev-20
297 - PrevidenciaAberta-Geral-Geral-Consultar-ComoObterInformeDeRendimentosPelaInternet-AROPE,Previdencia,Prev-297
295 - PrevidenciaAberta-Geral-Geral-Esclarecer-ComoObterInformeDeRendimentos-AROPE,Previdencia,Prev-295
93 - PrevidenciaAberta-Geral-Geral-Esclarecer-InformacoesDisponiveisNoExtrato-AROPE,Previdencia,Prev-93
394 - PrevidenciaAberta-Geral-Kirton-Esclarecer-ComoSolicitarResgateKirton-ARBENResgate,Previdencia,Prev-394
387 - PrevidenciaAberta-Risco-DePaiParaFilho-Esclarecer-ComoSolicitarResgateDePaiParaFilhoOuVidaaVida-ARBENResgate,Previdencia,Prev-387
155 - PrevidenciaAberta-Geral-Geral-Esclarecer-VerificarAportePelaInternet-AROPE,Previdencia,Prev-155
384 - PrevidenciaAberta-Geral-Geral-Esclarecer-ComoSolicitarResgate-ARBENResgate,Previdencia,Prev-384
PrevidenciaAberta-Geral-Geral-Derivar-ConsultarNumeroApolicePrevidencia-ARGPR,Previdencia,PrevidenciaAberta-Geral-Geral-Derivar-ConsultarNumeroApolicePrevidencia-ARGPR
398 - PrevidenciaAberta-Geral-Geral-Excluir-ParalisarContribuicao-AROPE,Previdencia,Prev-398
92 - PrevidenciaAberta-Geral-Geral-Esclarecer-OqueECorretorDeSeguros-ARGPR,Previdencia,Prev-92
56 - PrevidenciaAberta-Geral-Geral-Esclarecer-ExtratoPeriodicidade-AROPE,Previdencia,Prev-56
345 - PrevidenciaAberta-Geral-Geral-Esclarecer-ValorMinimoAporteUnico-ARGPR,Previdencia,Prev-345
123 - PrevidenciaAberta-Geral-Geral-Esclarecer-ComoFazerAporte-AROPE,Previdencia,Prev-123
370 - PrevidenciaAberta-Geral-Geral-Esclarecer-ReativarContribuicaoPlano-AROPE,Previdencia,Prev-370
382 - PrevidenciaAberta-VGBL-Geral-Esclarecer-ComoSolicitarResgateVGBL-ARBENResgate,Previdencia,Prev-382
171.1 - PrevidenciaAberta-Geral-Fapi-Esclarecer-OQueEFapi-ARGPR,Prev-171,Prev-171.1
CentralAuto-Auto-Geral-Esclarecer-MotivoPeloQualNaoRecebeuApolice-ProdutoAuto.1,CentralAuto-Auto-Geral-Esclarecer-MotivoPeloQualNaoRecebeuApolice-ProdutoAuto,CentralAuto-Auto-Geral-Esclarecer-MotivoPeloQualNaoRecebeuApolice-ProdutoAuto.1
111.1 - CentralAuto-Auto-Geral-Esclarecer-SinistroComoAvisar-ManualDeProcedimentoInterno,node_8_1513622609884,node_9_1513622708183
94.2 - PrevidenciaAberta-VGBL-SobMedida-Esclarecer-OqueESobMedidaVgbl-ARGPR,Prev-94,node_1_1512047893920
Vida-Geral-Geral-contratar-SeguroDeVida-Geral,node_10_1539689447853,node_11_1539689467990
178.1 - CentralAuto-Auto-Geral-Esclarecer-PagueiSeguroAutoENaoRecebiApolice,node_1_1528806766954,node_2_1528806857391
187.1 - PrevidenciaAberta-Geral-PrevJovem-Esclarecer-PlanoIndicadoParaEstudoDosFilhos-ARGPR,Prev-187,Prev-187.1
317.2 - PrevidenciaAberta-PGBL-SobMedidaPrevJovemPgbl-Esclarecer-OqueESobMedidaPrevJovemPgbl-ARGPR,Prev-317,Prev-317.2
Institucional-Geral-Geral-Esclarecer-OqueECorretorDeSeguros-2,Institucional-Geral-Geral-Esclarecer-OqueECorretorDeSeguros,node_1_1536629244425
409.1 - PrevidenciaAberta-Geral-Geral-Esclarecer-QualOrgaoFiscalizaPrevidencia-ARGPR,Prev-409,Prev-409.1
333.2 - PrevidenciaAberta-VGBL-PrevJovemVGBL-Esclarecer-OQueEPrevJovemVgbl-ARGPR,Prev-333,Prev-333.2
12.1 - CentralAuto-Auto-Geral-Esclarecer-VistoriarVe√≠culoOQueFazer-DesempenhoEQualidadeDaOperacao,Auto-12,Auto-12.1